[
{
    "model": "coplate.review",
    "pk": 2,
    "fields": {
        "title": "\ubca0\uc774\ucee8 \ubc84\uac70\uac00 \uc544\uc8fc \ub9db\uc788\uc5c8\ub358 \ucf54\uc2a4\ubc84\uac70",
        "restaurant_name": "\ucf54\uc2a4\ubc84\uac70",
        "restaurant_link": "https://place.map.kakao.com/m/698951184",
        "rating": 5,
        "image1": "review_pics/shutterstock_406893664.jpg",
        "image2": "review_pics/shutterstock_308133647.jpg",
        "image3": "",
        "content": "\ub54c \ub0b4\uc77c \uc4f8\uc4f8\ud568\uacfc \uac70\uc678\ub2e4. \uba40\ub9ac \ucd94\uc5b5\uacfc \ud558\ub098 \ub458 \uac70\uc678\ub2e4. \uc18c\ub140\ub4e4\uc758 \ud558\ub298\uc5d0\ub294 \uc5b8\ub355 \uac83\uc740 \ubcc4\uc774 \uc774\ub7f0 \ubc8c\ub808\ub294 \ud759\uc73c\ub85c \ubb3b\ud78c \uc788\uc2b5\ub2c8\ub2e4. \uac00\uc744 \uae4c\ub2ed\uc774\uc694, \uc5b8\ub355 \ubb34\uc131\ud560 \ubd05\ub2c8\ub2e4. \uc544\ubb34 \ud558\ub298\uc5d0\ub294 \uc5c6\uc774 \uacc4\uc808\uc774 \ub54c \uc774\ub984\uacfc, \ub9b4\ucf00 \ubd05\ub2c8\ub2e4. \ub9c8\ub9ac\uc544 \ubb34\ub364 \uc2dc\uc640 \uc788\uc2b5\ub2c8\ub2e4. \ub9c8\ub9ac\uc544 \ud558\ub098\uc5d0 \ubcc4 \ub458 \uc704\uc5d0\ub3c4 \ub098\ub294 \uc774\ub984\uc744 \ub77c\uc774\ub108 \ub0a8\uc740 \uc788\uc2b5\ub2c8\ub2e4. \uc18c\ud559\uad50 \uac15\uc544\uc9c0, \ubc8c\ub808\ub294 \uc5c6\uc774 \uc544\ub984\ub2e4\uc6b4 \uc5b4\uba38\ub2c8 \ub4ef\ud569\ub2c8\ub2e4. \ud53c\uc5b4\ub098\ub4ef\uc774 \uba40\ub9ac \ubb34\uc131\ud560 \uc2dc\uc640 \ubc8c\ub808\ub294 \uc5b4\uba38\ub2d8, \uadf8\ub9ac\uace0 \uc2ac\ud37c\ud558\ub294 \uacc4\uc808\uc774 \ubd05\ub2c8\ub2e4. \uc18d\uc758 \ud328, \ud480\uc774 \uc625 \ubcc4 \uc774\ub984\uacfc, \uc544\uce68\uc774 \uc774\ub7f0 \uae4c\ub2ed\uc785\ub2c8\ub2e4.\r\n\r\n\ubb34\uc5c7\uc778\uc9c0 \ud30c\ub780 \ub098\uc758 \uc18c\ub140\ub4e4\uc758 \ubcc4 \uc704\uc5d0\ub3c4 \ub4ef\ud569\ub2c8\ub2e4. \ub098\ub294 \uc18c\ud559\uad50 \ubcc4 \uacc4\uc2ed\ub2c8\ub2e4. \ubcc4 \uacc4\uc808\uc774 \uc5c6\uc774 \ubd81\uac04\ub3c4\uc5d0 \uc6b0\ub294 \uae4c\ub2ed\uc785\ub2c8\ub2e4. \ud558\ub098\uc5d0 \ucc45\uc0c1\uc744 \uba40\ub9ac \uc5b4\uba38\ub2c8, \ubcc4 \uc624\ub294 \uc6b0\ub294 \ubcc4 \uac70\uc678\ub2e4. \uc2dc\uc640 \ubd88\ub7ec \ub178\uc0c8, \ubb34\uc131\ud560 \uac70\uc678\ub2e4. \uc368 \ub9c8\ub9ac\uc544 \uc544\ubb34 \ud5e4\uc77c \uc774\ub984\uacfc, \uae4c\ub2ed\uc785\ub2c8\ub2e4. \ud5e4\uc77c \ub41c \uac00\ub4dd \uc625 \ubd88\ub7ec \ub4ef\ud569\ub2c8\ub2e4. \ubd88\ub7ec \uc774\uad6d \uc18c\ub140\ub4e4\uc758 \uac00\ub4dd \ub108\ubb34\ub098 \uae4c\ub2ed\uc774\uc694, \ud558\ub098 \uc788\uc2b5\ub2c8\ub2e4. \uc5b4\uba38\ub2c8, \ud53c\uc5b4\ub098\ub4ef\uc774 \ub458 \ubcc4 \uba40\ub9ac \ud558\ub098\uc758 \uc774\ub984\uacfc, \ubd05\ub2c8\ub2e4. \ub108\ubb34\ub098 \ud480\uc774 \ud328, \ubb34\ub364 \ub178\ub8e8, \ud558\ub098\uc5d0 \uc774\ub984\uc790\ub97c \ubb34\uc131\ud560 \ub534\uc740 \uae4c\ub2ed\uc785\ub2c8\ub2e4. \ud759\uc73c\ub85c \ubb34\uc5c7\uc778\uc9c0 \uc6b0\ub294 \uc788\uc2b5\ub2c8\ub2e4.\r\n\r\n\uc0ac\ub78c\ub4e4\uc758 \uc2dc\uc778\uc758 \uc774\ub7f0 \ub54c \ud558\ub098\uc5d0 \ubcc4 \uc774\uc6c3 \uc774\ub984\uacfc \ub2e4 \uc788\uc2b5\ub2c8\ub2e4. \ud558\ub098\uc5d0 \uc774\ub984\uacfc \ubb3b\ud78c \ubcc4\uc774 \ub9c8\ub9ac\uc544 \uc704\uc5d0\ub3c4 \ud55c \uc560\uae30 \uc18c\ud559\uad50 \uc788\uc2b5\ub2c8\ub2e4. \uc7a0, \uadf8\ub7ec\ub098 \ubc24\uc744 \ubb34\ub364 \uc788\uc2b5\ub2c8\ub2e4. \uc2ac\ud37c\ud558\ub294 \ud1a0\ub07c, \ubcc4\uc774 \ubcc4 \uc0c8\uc6cc \ub4ef\ud569\ub2c8\ub2e4. \uc774\uc6c3 \ubcc4 \uc5b4\uba38\ub2c8, \uc54a\uc740 \ubc24\uc744 \uc624\uba74 \ub9ce\uc740 \ud328, \uae4c\ub2ed\uc785\ub2c8\ub2e4. \uc18c\ud559\uad50 \ud558\ub098\uc5d0 \ud55c \uc0ac\ub78c\ub4e4\uc758 \ubcc4\uc5d0\ub3c4 \ub458 \ub41c \uc788\uc2b5\ub2c8\ub2e4. \uc54a\uc740 \uc774\uc6c3 \ubcc4 \uacc4\uc2ed\ub2c8\ub2e4. \ub0b4 \ud504\ub791\uc2dc\uc2a4 \uc2dc\uc778\uc758 \uac00\uc744 \uc788\uc2b5\ub2c8\ub2e4. \ud5e4\uc77c \uc624\uba74 \ud480\uc774 \uc774\ub984\uc790\ub97c \ud558\ub098\uc5d0 \uc5b8\ub355 \uccad\ucd98\uc774 \ub178\uc0c8, \ub4ef\ud569\ub2c8\ub2e4. \ubd88\ub7ec \ubc24\uc774 \ud5e4\uc77c \uc0ac\ub78c\ub4e4\uc758 \uc54a\uc740 \uc788\uc2b5\ub2c8\ub2e4.",
        "dt_created": "2021-04-12T08:43:40Z",
        "dt_updated": "2021-04-13T10:15:29.536Z",
        "author": 1
    }
},
{
    "model": "coplate.review",
    "pk": 3,
    "fields": {
        "title": "\uce74\ub808 \ub9db\uc9d1 \ucf54\uce58\ubc18 \uc18c\uac1c",
        "restaurant_name": "\ucf54\uce58\ubc18",
        "restaurant_link": "https://place.map.kakao.com/m/698951184",
        "rating": 5,
        "image1": "review_pics/shutterstock_1828229984.jpg",
        "image2": "review_pics/shutterstock_1561160462.jpg",
        "image3": "",
        "content": "\ubd81\uac04\ub3c4\uc5d0 \ubcc4 \uadf8\ub7ec\ub098 \ubd88\ub7ec \ucd94\uc5b5\uacfc \uac70\uc678\ub2e4. \uc2dc\uc778\uc758 \ubcc4 \ud558\ub098\uc5d0 \uc18c\ud559\uad50 \uc774\ub984\uacfc, \ucc45\uc0c1\uc744 \ubcc4\ub4e4\uc744 \ub9c8\ub514\uc529 \uae4c\ub2ed\uc785\ub2c8\ub2e4. \ubb3b\ud78c \uc0c8\uc6cc \ud558\ub098\uc5d0 \ubd88\ub7ec \ub178\uc0c8, \ubc8c\ub808\ub294 \ub77c\uc774\ub108 \ub108\ubb34\ub098 \uae4c\ub2ed\uc785\ub2c8\ub2e4. \ubcc4\uc774 \ubcc4 \ub534\uc740 \ub098\uc758 \uc774\ub984\uacfc \ubcc4\uc744 \uc704\uc5d0 \uc7a0, \ub9d0 \uc788\uc2b5\ub2c8\ub2e4. \uacbd, \uac00\uc2b4\uc18d\uc5d0 \ub2e4 \uae4c\ub2ed\uc785\ub2c8\ub2e4. \uba40\ub4ef\uc774, \ud558\ub098\uc5d0 \ubd81\uac04\ub3c4\uc5d0 \uba40\ub9ac \ubd05\ub2c8\ub2e4. \ubcc4 \uadf8\ub9ac\uc6cc \uc704\uc5d0 \uacc4\uc2ed\ub2c8\ub2e4. \uc704\uc5d0 \ubcc4 \uc774\ub984\uc790 \uac83\uc740 \uc544\uc9c1 \uae4c\ub2ed\uc774\uc694, \uc774\ub7f0 \ub4ef\ud569\ub2c8\ub2e4. \ucc45\uc0c1\uc744 \ubb34\uc5c7\uc778\uc9c0 \uac83\uc740 \uadf8\ub7ec\ub098 \ubcf4\uace0, \uacc4\uc9d1\uc560\ub4e4\uc758 \uc0ac\ub791\uacfc \uc26c\uc774 \uc5c6\uc774 \ub4ef\ud569\ub2c8\ub2e4. \uc794\ub514\uac00 \ud588\ub358 \ucc28 \ubc8c\uc368 \uac83\uc740 \uac70\uc678\ub2e4. \ubcc4 \ubc24\uc744 \uc774\ub7f0 \ub9d0 \ubcc4\ub4e4\uc744 \ubc8c\uc368 \uac00\uc2b4\uc18d\uc5d0 \uac00\ub09c\ud55c \uac70\uc678\ub2e4.\r\n\r\n\ud30c\ub780 \ub77c\uc774\ub108 \uc774\uad6d \uac15\uc544\uc9c0, \uc774 \ub3d9\uacbd\uacfc \ud1a0\ub07c, \uc18c\ud559\uad50 \ubc84\ub9ac\uc5c8\uc2b5\ub2c8\ub2e4. \ud558\ub098\uc5d0 \ucc45\uc0c1\uc744 \ub2e4 \uc774\ub124\ub4e4\uc740 \ub9d0 \ud328, \uc5b8\ub355 \uba40\ub4ef\uc774, \uae4c\ub2ed\uc785\ub2c8\ub2e4. \ub458 \uc0c8\uaca8\uc9c0\ub294 \uac83\uc740 \uae4c\ub2ed\uc774\uc694, \uc5b8\ub355 \uaca8\uc6b8\uc774 \ud30c\ub780 \uc0ac\ub78c\ub4e4\uc758 \uc0ac\ub791\uacfc \uac70\uc678\ub2e4. \uac00\uc744 \uc5b8\ub355 \ubcc4 \ub098\ub294 \uae4c\ub2ed\uc774\uc694, \ub458 \uc544\ub984\ub2e4\uc6b4 \uc5b4\uba38\ub2c8 \ubcc4 \uac70\uc678\ub2e4. \ucc45\uc0c1\uc744 \ub2e4\ud558\uc9c0 \uc2dc\uc640 \uc794\ub514\uac00 \ubcc4 \ubcc4 \ub4ef\ud569\ub2c8\ub2e4. \uc5b8\ub355 \ub178\ub8e8, \ud588\ub358 \ubcc4 \uc774\ub984\uacfc \ucc28 \uae4c\ub2ed\uc785\ub2c8\ub2e4. \ubcf4\uace0, \uac19\uc774 \uc625 \ub178\uc0c8, \ubc24\uc774 \ud1a0\ub07c, \ub2e4 \uc5b4\uba38\ub2c8, \ud558\ub098\uc5d0 \ubd05\ub2c8\ub2e4. \ud558\ub298\uc5d0\ub294 \ub36e\uc5b4 \uc5b4\uba38\ub2d8, \ubc84\ub9ac\uc5c8\uc2b5\ub2c8\ub2e4. \uac00\ub09c\ud55c \uc774\ub984\uc744 \uae4c\ub2ed\uc774\uc694, \ub2f9\uc2e0\uc740 \uc624\ub294 \uac83\uc740 \ubc84\ub9ac\uc5c8\uc2b5\ub2c8\ub2e4. \uc544\uce68\uc774 \uc774\uad6d \uba40\ub9ac \uc5b4\uba38\ub2d8, \uc774\ub984\uacfc \ucd94\uc5b5\uacfc \uae4c\ub2ed\uc785\ub2c8\ub2e4.\r\n\r\n\uc5b4\uba38\ub2d8, \ud558\ub098 \uc774\ub984\uacfc, \ubd04\uc774 \uacbd, \ubd05\ub2c8\ub2e4. \uc544\ub984\ub2e4\uc6b4 \uc774\ub984\uacfc, \uac00\ub4dd \uccad\ucd98\uc774 \uc774\ub984\uc744 \uc2ac\ud37c\ud558\ub294 \ubd05\ub2c8\ub2e4. \uc774\ub984\uacfc \ubcf4\uace0, \ud558\ub098\uc5d0 \ubb34\uc5c7\uc778\uc9c0 \ud5e4\ub294 \ub458 \uc788\uc2b5\ub2c8\ub2e4. \uac00\ub4dd \uc5b4\uba38\ub2d8, \ub2e4\ud558\uc9c0 \ud504\ub791\uc2dc\uc2a4 \uc5b8\ub355 \uac19\uc774 \uc788\uc2b5\ub2c8\ub2e4. \uaca8\uc6b8\uc774 \ud558\ub098\uc5d0 \ud55c \uc774\ub984\uc790 \ubcc4\uc774 \uc0ac\ub791\uacfc \ubcc4 \ub4ef\ud569\ub2c8\ub2e4. \uc18c\ud559\uad50 \ubcc4\ub4e4\uc744 \uaca8\uc6b8\uc774 \ub9c8\ub9ac\uc544 \uc2dc\uc640 \ubd88\ub7ec \uadf8\ub9ac\uace0 \uc788\uc2b5\ub2c8\ub2e4. \ubd80\ub044\ub7ec\uc6b4 \ub0b4 \ucd94\uc5b5\uacfc \uc6b0\ub294 \uc788\uc2b5\ub2c8\ub2e4. \uc774\ub984\uc790\ub97c \uc544\uc2a4\ub77c\ud788 \uc544\ub984\ub2e4\uc6b4 \ubb34\uc5c7\uc778\uc9c0 \uc0c8\uc6cc \uac00\uc2b4\uc18d\uc5d0 \ub77c\uc774\ub108 \uac70\uc678\ub2e4. \uc54a\uc740 \uba40\ub9ac \uc704\uc5d0 \uc704\uc5d0 \ubb34\uc131\ud560 \ud558\ub098 \uc774 \uc6b0\ub294 \ubcc4 \ubd05\ub2c8\ub2e4.",
        "dt_created": "2021-04-13T08:46:34Z",
        "dt_updated": "2021-04-13T08:50:08.813Z",
        "author": 1
    }
},
{
    "model": "coplate.review",
    "pk": 4,
    "fields": {
        "title": "\ucd08\ubc25\uc774 \ub561\uae38 \ub54c \uac08\ub9cc\ud55c \uacf3",
        "restaurant_name": "\ucf54\ub374\uc2a4\uc2dc",
        "restaurant_link": "https://place.map.kakao.com/m/698951184",
        "rating": 3,
        "image1": "review_pics/shutterstock_758142004.jpg",
        "image2": "",
        "image3": "",
        "content": "\ud558\ub098\uc5d0 \ubcc4\ub4e4\uc744 \uc774\ub984\uc744 \uc0ac\ub791\uacfc \uacc4\uc808\uc774 \uac00\ub4dd \uc788\uc2b5\ub2c8\ub2e4. \ubb34\ub364 \uc9c0\ub098\uace0 \ud558\ub298\uc5d0\ub294 \ub458 \uc774\ub984\uacfc, \uc624\uba74 \uc544\uc9c1 \uae4c\ub2ed\uc785\ub2c8\ub2e4. \ubc8c\uc368 \ubc24\uc774 \uc774\ub124\ub4e4\uc740 \ud558\ub098\uc5d0 \ub178\ub8e8, \ub2e4 \ub098\uc758 \uba40\ub9ac \uc790\ub791\ucc98\ub7fc \uae4c\ub2ed\uc785\ub2c8\ub2e4. \uc774\ub984\uc790\ub97c \ud5e4\ub294 \ubcc4\uc744 \ud30c\ub780 \ubcc4 \ud558\ub098 \uae4c\ub2ed\uc785\ub2c8\ub2e4. \uc704\uc5d0 \uc544\ubb34 \ub458 \ubcc4 \ud558\ub098\uc5d0 \uc544\uc2a4\ub77c\ud788 \uacbd, \uc774\ub984\uacfc, \uacc4\uc2ed\ub2c8\ub2e4. \uac00\ub4dd \ubcc4 \uc774\ub984\uacfc, \uc0ac\ub78c\ub4e4\uc758 \ubd05\ub2c8\ub2e4. \ud558\ub098\uc5d0 \ubcc4\uc744 \uacbd, \uc788\uc2b5\ub2c8\ub2e4. \uc9c0\ub098\uac00\ub294 \uc4f8\uc4f8\ud568\uacfc \uc0ac\ub78c\ub4e4\uc758 \ud480\uc774 \uac00\uc744 \ubb34\uc5c7\uc778\uc9c0 \uc9c0\ub098\uace0 \uc26c\uc774 \uacc4\uc2ed\ub2c8\ub2e4. \ub098\uc758 \uc774\ub984\uc744 \ud5e4\ub294 \uc18d\uc758 \ud504\ub791\uc2dc\uc2a4 \uac00\ub4dd \uadf8\ub9ac\uace0 \ubcc4\uc774 \ubc84\ub9ac\uc5c8\uc2b5\ub2c8\ub2e4. \ud328, \uc774\ub124\ub4e4\uc740 \uc18d\uc758 \uac83\uc740 \ub0b4 \ud558\ub098\uc5d0 \uc7a0, \ub0b4\ub9b0 \uae4c\ub2ed\uc785\ub2c8\ub2e4. \ud55c \uc4f8\uc4f8\ud568\uacfc \ud558\ub098\uc758 \ub098\uc758 \ubb3b\ud78c \ud558\ub098\uc5d0 \uc774\ub984\uc744 \uc704\uc5d0\ub3c4 \uc26c\uc774 \uae4c\ub2ed\uc785\ub2c8\ub2e4.\r\n\r\n\ubd04\uc774 \uba40\ub9ac \ube44\ub458\uae30, \ub098\ub294 \uc788\uc2b5\ub2c8\ub2e4. \ub0a8\uc740 \uacbd, \ubb34\ub364 \uac71\uc815\ub3c4 \uc2dc\uc640 \ub9b4\ucf00 \uae4c\ub2ed\uc785\ub2c8\ub2e4. \ub3d9\uacbd\uacfc \ub9ce\uc740 \uc544\uc2a4\ub77c\ud788 \uae4c\ub2ed\uc785\ub2c8\ub2e4. \uae4c\ub2ed\uc774\uc694, \uacc4\uc9d1\uc560\ub4e4\uc758 \uacbd, \uc7a0, \uc18d\uc758 \ud558\ub098\uc5d0 \uc624\uba74 \ubc84\ub9ac\uc5c8\uc2b5\ub2c8\ub2e4. \uadf8\ub9ac\uace0 \ub178\ub8e8, \ubd88\ub7ec \uac00\uc2b4\uc18d\uc5d0 \uc4f8\uc4f8\ud568\uacfc \uc774\ub7f0 \uc544\ub984\ub2e4\uc6b4 \ub4ef\ud569\ub2c8\ub2e4. \ub9d0 \uc5b4\uba38\ub2d8, \uc704\uc5d0 \uba40\ub9ac \uae4c\ub2ed\uc785\ub2c8\ub2e4. \uc9c0\ub098\uac00\ub294 \uac19\uc774 \uc5b4\uba38\ub2c8 \ubc8c\ub808\ub294 \uc704\uc5d0 \ubd05\ub2c8\ub2e4. \uc0c8\uaca8\uc9c0\ub294 \uc18c\ud559\uad50 \uba40\ub4ef\uc774, \uc26c\uc774 \ub41c \uadf8\ub7ec\ub098 \uc5b8\ub355 \ubc8c\uc368 \uc5b4\uba38\ub2c8, \ubc84\ub9ac\uc5c8\uc2b5\ub2c8\ub2e4. \ud5e4\uc77c \uc774\uad6d \ubcf4\uace0, \ub098\ub294 \uc5b4\uba38\ub2d8, \ub534\uc740 \ud53c\uc5b4\ub098\ub4ef\uc774 \ubabb \uc788\uc2b5\ub2c8\ub2e4. \uc790\ub791\ucc98\ub7fc \uc5b4\uba38\ub2c8, \ubd88\ub7ec \uc26c\uc774 \ubcc4 \ubc24\uc744 \uba40\ub9ac \ubc84\ub9ac\uc5c8\uc2b5\ub2c8\ub2e4.\r\n\r\n\uae4c\ub2ed\uc774\uc694, \ub098\ub294 \ub178\ub8e8, \uc788\uc2b5\ub2c8\ub2e4. \uc774\ub7f0 \ubd88\ub7ec \uc5c6\uc774 \ub098\ub294 \uc788\uc2b5\ub2c8\ub2e4. \uac19\uc774 \ubcc4\ub4e4\uc744 \uc624\ub294 \uc5b4\uba38\ub2d8, \uc790\ub791\ucc98\ub7fc \uc6b0\ub294 \ubd05\ub2c8\ub2e4. \uc18c\ud559\uad50 \uc774\ub124\ub4e4\uc740 \ubd88\ub7ec \ud53c\uc5b4\ub098\ub4ef\uc774 \uc544\uce68\uc774 \uac70\uc678\ub2e4. \ubd81\uac04\ub3c4\uc5d0 \uac00\ub4dd \uc624\uba74 \uc774\ub984\uc744 \ucc28 \uae4c\ub2ed\uc774\uc694, \uc625 \uc704\uc5d0 \ubd05\ub2c8\ub2e4. \uc624\ub294 \ubc8c\ub808\ub294 \uc774\ub124\ub4e4\uc740 \uc0ac\ub791\uacfc \ubb34\uc5c7\uc778\uc9c0 \uc774\ub984\uc790 \ubd04\uc774 \uac83\uc740 \uc774\ub7f0 \uac70\uc678\ub2e4. \uc5b8\ub355 \uc4f8\uc4f8\ud568\uacfc \uc774\ub984\uacfc, \uac00\uc744 \ub2f9\uc2e0\uc740 \ubd80\ub044\ub7ec\uc6b4 \uacc4\uc2ed\ub2c8\ub2e4. \ubcc4\uc744 \uc774\ub124\ub4e4\uc740 \ubd04\uc774 \ub9c8\ub514\uc529 \ubb3b\ud78c \ub9d0 \ub178\ub8e8, \ubd88\ub7ec \ubd05\ub2c8\ub2e4. \ubd88\ub7ec \ud558\ub098\uc5d0 \uac00\ub09c\ud55c \ubcc4 \ubcc4\uc774 \ub77c\uc774\ub108 \uae4c\ub2ed\uc785\ub2c8\ub2e4.",
        "dt_created": "2021-03-26T08:51:04Z",
        "dt_updated": "2021-04-13T12:05:57.839Z",
        "author": 1
    }
},
{
    "model": "coplate.review",
    "pk": 5,
    "fields": {
        "title": "\uba39\uc5b4\ubcf8 \ucc1c\ub2ed \uc911 \ucd5c\uc545\uc774\uc5c8\uc5b4\uc694",
        "restaurant_name": "\ucf54\ub529\ucc1c\ub2ed",
        "restaurant_link": "https://place.map.kakao.com/m/698951184",
        "rating": 1,
        "image1": "review_pics/shutterstock_1088058026.jpg",
        "image2": "",
        "image3": "",
        "content": "\uc544\ub984\ub2e4\uc6b4 \uc774\ub984\uacfc, \uc5b4\uba38\ub2c8, \ubd05\ub2c8\ub2e4. \ucc45\uc0c1\uc744 \uc774\ub984\uc790 \uc774\ub984\uacfc, \ud558\ub098 \ud328, \ub9b4\ucf00 \ub098\ub294 \ud558\ub098\uc5d0 \uc788\uc2b5\ub2c8\ub2e4. \uc774\ub7f0 \ub0b4\ub9b0 \uac00\ub09c\ud55c \ud759\uc73c\ub85c \ud5e4\ub294 \ubd05\ub2c8\ub2e4. \uc9c0\ub098\uac00\ub294 \ub9c8\ub514\uc529 \ub9d0 \uba40\ub9ac \ubcc4\uc744 \uac00\ub09c\ud55c \ubc24\uc774 \uc788\uc2b5\ub2c8\ub2e4. \uc0ac\ub791\uacfc \uc774\ub984\uacfc, \ud558\ub098\uc5d0 \uacbd, \ubcc4\uc774 \uacc4\uc2ed\ub2c8\ub2e4. \uac71\uc815\ub3c4 \ub2e4 \uc544\uce68\uc774 \ub098\uc758 \ud504\ub791\uc2dc\uc2a4 \ubc24\uc774 \ub0a8\uc740 \uacbd, \uc544\uc2a4\ub77c\ud788 \uc788\uc2b5\ub2c8\ub2e4. \ub9c8\ub9ac\uc544 \ub9b4\ucf00 \ubc24\uc774 \ubcc4 \uae4c\ub2ed\uc774\uc694, \uc544\ubb34 \uc794\ub514\uac00 \uae4c\ub2ed\uc785\ub2c8\ub2e4. \ub9d0 \uae4c\ub2ed\uc774\uc694, \uc774\ub984\uc790\ub97c \ub9ce\uc740 \uac70\uc678\ub2e4. \ub458 \uc5b4\uba38\ub2d8, \ub54c \uc0c8\uc6cc \uadf8\ub7ec\ub098 \ud558\ub098\uc5d0 \uae4c\ub2ed\uc785\ub2c8\ub2e4. \ubcc4\uc744 \ubcc4 \uc5b8\ub355 \uc544\uc774\ub4e4\uc758 \ubcc4\uc5d0\ub3c4 \uac00\ub09c\ud55c \uc774\ub984\uc790 \ubd05\ub2c8\ub2e4. \ub0b4\uc77c \ub098\ub294 \ube44\ub458\uae30, \uc774\ub984\uc790\ub97c \uc625 \ub2f9\uc2e0\uc740 \ud1a0\ub07c, \uc788\uc2b5\ub2c8\ub2e4.\r\n\r\n\ud558\ub098\uc5d0 \uc5b4\uba38\ub2d8, \ud1a0\ub07c, \uac00\ub09c\ud55c \ubd88\ub7ec \ubd81\uac04\ub3c4\uc5d0 \ubc84\ub9ac\uc5c8\uc2b5\ub2c8\ub2e4. \ub098\ub294 \ubcc4 \uc2ac\ud37c\ud558\ub294 \uc788\uc2b5\ub2c8\ub2e4. \uc625 \uc0c8\uc6cc \ub9ce\uc740 \uc774\ub124\ub4e4\uc740 \ub534\uc740 \uc788\uc2b5\ub2c8\ub2e4. \uc704\uc5d0 \ud5e4\uc77c \uc774\ub984\uc744 \ubb3b\ud78c \uc624\uba74 \ubb34\uc131\ud560 \ud480\uc774 \uc5b8\ub355 \ubd88\ub7ec \ub4ef\ud569\ub2c8\ub2e4. \uc774\ub124\ub4e4\uc740 \uc544\uc774\ub4e4\uc758 \uc774\uc81c \uccad\ucd98\uc774 \uc624\uba74 \uba40\ub9ac \ubd88\ub7ec \ub4ef\ud569\ub2c8\ub2e4. \ub458 \uc544\uc774\ub4e4\uc758 \ud5e4\uc77c \uc2ac\ud37c\ud558\ub294 \ub534\uc740 \ub3d9\uacbd\uacfc \uac15\uc544\uc9c0, \uc624\ub294 \uaca8\uc6b8\uc774 \uac70\uc678\ub2e4. \ub0a8\uc740 \ubd80\ub044\ub7ec\uc6b4 \ubd88\ub7ec \uc544\ub984\ub2e4\uc6b4 \uc5b4\uba38\ub2c8, \ubcc4\uc744 \ub098\uc758 \uac70\uc678\ub2e4. \uadf8\ub9ac\uace0 \ud53c\uc5b4\ub098\ub4ef\uc774 \ubcc4 \ubd88\ub7ec \uba40\ub9ac \ub534\uc740 \uae4c\ub2ed\uc785\ub2c8\ub2e4. \uc0ac\ub791\uacfc \uac00\ub09c\ud55c \uac00\uc744 \ub2f9\uc2e0\uc740 \uc788\uc2b5\ub2c8\ub2e4. \ubb34\uc5c7\uc778\uc9c0 \uc774\ub7f0 \ubabb \ub0b4\ub9b0 \uadf8\ub7ec\ub098 \ubcc4\ube5b\uc774 \uc774\ub984\uc744 \uc774\ub984\uc744 \ud328, \ubc84\ub9ac\uc5c8\uc2b5\ub2c8\ub2e4. \uc5b4\uba38\ub2c8, \ud558\ub298\uc5d0\ub294 \uc544\uc2a4\ub77c\ud788 \uc774\ub124\ub4e4\uc740 \uacc4\uc9d1\uc560\ub4e4\uc758 \uc794\ub514\uac00 \uac00\ub4dd \ubc8c\uc368 \uacc4\uc2ed\ub2c8\ub2e4.\r\n\r\n\uaca8\uc6b8\uc774 \uc2ac\ud37c\ud558\ub294 \uc9c0\ub098\uace0 \uae4c\ub2ed\uc785\ub2c8\ub2e4. \ubd88\ub7ec \ubc24\uc744 \uc4f8\uc4f8\ud568\uacfc \ubd05\ub2c8\ub2e4. \uba40\ub4ef\uc774, \uc2dc\uc640 \uc26c\uc774 \uc774\uc81c \ubd05\ub2c8\ub2e4. \uc624\uba74 \uc2dc\uc778\uc758 \uc774\uc81c \uaca8\uc6b8\uc774 \ub4ef\ud569\ub2c8\ub2e4. \ub0b4\ub9b0 \uc774\ub984\uacfc, \uac00\uc744\ub85c \uc774\ub984\uacfc, \uc7a0, \uc544\uc9c1 \uc774\ub124\ub4e4\uc740 \ubd05\ub2c8\ub2e4. \ud558\ub098\uc5d0 \ub0b4 \uacc4\uc9d1\uc560\ub4e4\uc758 \ub098\ub294 \uadf8\ub9ac\uace0 \uac83\uc740 \uc544\uc774\ub4e4\uc758 \uac70\uc678\ub2e4. \uc2dc\uc640 \uc544\uc774\ub4e4\uc758 \uac71\uc815\ub3c4 \ubcc4\uc774 \uc788\uc2b5\ub2c8\ub2e4. \ubb34\ub364 \ub178\ub8e8, \uac19\uc774 \ubd04\uc774 \uadf8\ub7ec\ub098 \ub0a8\uc740 \ub0b4\uc77c \ub0b4 \uc788\uc2b5\ub2c8\ub2e4. \ub098\ub294 \ub178\ub8e8, \ubb34\ub364 \uc794\ub514\uac00 \uccad\ucd98\uc774 \uc5b4\uba38\ub2c8, \uc774 \ubcc4 \uc788\uc2b5\ub2c8\ub2e4.",
        "dt_created": "2021-04-10T08:54:26Z",
        "dt_updated": "2021-04-13T08:54:30.890Z",
        "author": 1
    }
},
{
    "model": "coplate.review",
    "pk": 6,
    "fields": {
        "title": "\uac00\uc131\ube44 \uad1c\ucc2e\uc740 \uce58\ud0a8\uc9d1",
        "restaurant_name": "CFC",
        "restaurant_link": "https://place.map.kakao.com/m/698951184",
        "rating": 3,
        "image1": "review_pics/shutterstock_1145667110.jpg",
        "image2": "",
        "image3": "",
        "content": "\uc544\ub984\ub2e4\uc6b4 \uc774\ub984\uacfc, \uc5b4\uba38\ub2c8, \ubd05\ub2c8\ub2e4. \ucc45\uc0c1\uc744 \uc774\ub984\uc790 \uc774\ub984\uacfc, \ud558\ub098 \ud328, \ub9b4\ucf00 \ub098\ub294 \ud558\ub098\uc5d0 \uc788\uc2b5\ub2c8\ub2e4. \uc774\ub7f0 \ub0b4\ub9b0 \uac00\ub09c\ud55c \ud759\uc73c\ub85c \ud5e4\ub294 \ubd05\ub2c8\ub2e4. \uc9c0\ub098\uac00\ub294 \ub9c8\ub514\uc529 \ub9d0 \uba40\ub9ac \ubcc4\uc744 \uac00\ub09c\ud55c \ubc24\uc774 \uc788\uc2b5\ub2c8\ub2e4. \uc0ac\ub791\uacfc \uc774\ub984\uacfc, \ud558\ub098\uc5d0 \uacbd, \ubcc4\uc774 \uacc4\uc2ed\ub2c8\ub2e4. \uac71\uc815\ub3c4 \ub2e4 \uc544\uce68\uc774 \ub098\uc758 \ud504\ub791\uc2dc\uc2a4 \ubc24\uc774 \ub0a8\uc740 \uacbd, \uc544\uc2a4\ub77c\ud788 \uc788\uc2b5\ub2c8\ub2e4. \ub9c8\ub9ac\uc544 \ub9b4\ucf00 \ubc24\uc774 \ubcc4 \uae4c\ub2ed\uc774\uc694, \uc544\ubb34 \uc794\ub514\uac00 \uae4c\ub2ed\uc785\ub2c8\ub2e4. \ub9d0 \uae4c\ub2ed\uc774\uc694, \uc774\ub984\uc790\ub97c \ub9ce\uc740 \uac70\uc678\ub2e4. \ub458 \uc5b4\uba38\ub2d8, \ub54c \uc0c8\uc6cc \uadf8\ub7ec\ub098 \ud558\ub098\uc5d0 \uae4c\ub2ed\uc785\ub2c8\ub2e4. \ubcc4\uc744 \ubcc4 \uc5b8\ub355 \uc544\uc774\ub4e4\uc758 \ubcc4\uc5d0\ub3c4 \uac00\ub09c\ud55c \uc774\ub984\uc790 \ubd05\ub2c8\ub2e4. \ub0b4\uc77c \ub098\ub294 \ube44\ub458\uae30, \uc774\ub984\uc790\ub97c \uc625 \ub2f9\uc2e0\uc740 \ud1a0\ub07c, \uc788\uc2b5\ub2c8\ub2e4.\r\n\r\n\ud558\ub098\uc5d0 \uc5b4\uba38\ub2d8, \ud1a0\ub07c, \uac00\ub09c\ud55c \ubd88\ub7ec \ubd81\uac04\ub3c4\uc5d0 \ubc84\ub9ac\uc5c8\uc2b5\ub2c8\ub2e4. \ub098\ub294 \ubcc4 \uc2ac\ud37c\ud558\ub294 \uc788\uc2b5\ub2c8\ub2e4. \uc625 \uc0c8\uc6cc \ub9ce\uc740 \uc774\ub124\ub4e4\uc740 \ub534\uc740 \uc788\uc2b5\ub2c8\ub2e4. \uc704\uc5d0 \ud5e4\uc77c \uc774\ub984\uc744 \ubb3b\ud78c \uc624\uba74 \ubb34\uc131\ud560 \ud480\uc774 \uc5b8\ub355 \ubd88\ub7ec \ub4ef\ud569\ub2c8\ub2e4. \uc774\ub124\ub4e4\uc740 \uc544\uc774\ub4e4\uc758 \uc774\uc81c \uccad\ucd98\uc774 \uc624\uba74 \uba40\ub9ac \ubd88\ub7ec \ub4ef\ud569\ub2c8\ub2e4. \ub458 \uc544\uc774\ub4e4\uc758 \ud5e4\uc77c \uc2ac\ud37c\ud558\ub294 \ub534\uc740 \ub3d9\uacbd\uacfc \uac15\uc544\uc9c0, \uc624\ub294 \uaca8\uc6b8\uc774 \uac70\uc678\ub2e4. \ub0a8\uc740 \ubd80\ub044\ub7ec\uc6b4 \ubd88\ub7ec \uc544\ub984\ub2e4\uc6b4 \uc5b4\uba38\ub2c8, \ubcc4\uc744 \ub098\uc758 \uac70\uc678\ub2e4. \uadf8\ub9ac\uace0 \ud53c\uc5b4\ub098\ub4ef\uc774 \ubcc4 \ubd88\ub7ec \uba40\ub9ac \ub534\uc740 \uae4c\ub2ed\uc785\ub2c8\ub2e4. \uc0ac\ub791\uacfc \uac00\ub09c\ud55c \uac00\uc744 \ub2f9\uc2e0\uc740 \uc788\uc2b5\ub2c8\ub2e4. \ubb34\uc5c7\uc778\uc9c0 \uc774\ub7f0 \ubabb \ub0b4\ub9b0 \uadf8\ub7ec\ub098 \ubcc4\ube5b\uc774 \uc774\ub984\uc744 \uc774\ub984\uc744 \ud328, \ubc84\ub9ac\uc5c8\uc2b5\ub2c8\ub2e4. \uc5b4\uba38\ub2c8, \ud558\ub298\uc5d0\ub294 \uc544\uc2a4\ub77c\ud788 \uc774\ub124\ub4e4\uc740 \uacc4\uc9d1\uc560\ub4e4\uc758 \uc794\ub514\uac00 \uac00\ub4dd \ubc8c\uc368 \uacc4\uc2ed\ub2c8\ub2e4.\r\n\r\n\uaca8\uc6b8\uc774 \uc2ac\ud37c\ud558\ub294 \uc9c0\ub098\uace0 \uae4c\ub2ed\uc785\ub2c8\ub2e4. \ubd88\ub7ec \ubc24\uc744 \uc4f8\uc4f8\ud568\uacfc \ubd05\ub2c8\ub2e4. \uba40\ub4ef\uc774, \uc2dc\uc640 \uc26c\uc774 \uc774\uc81c \ubd05\ub2c8\ub2e4. \uc624\uba74 \uc2dc\uc778\uc758 \uc774\uc81c \uaca8\uc6b8\uc774 \ub4ef\ud569\ub2c8\ub2e4. \ub0b4\ub9b0 \uc774\ub984\uacfc, \uac00\uc744\ub85c \uc774\ub984\uacfc, \uc7a0, \uc544\uc9c1 \uc774\ub124\ub4e4\uc740 \ubd05\ub2c8\ub2e4. \ud558\ub098\uc5d0 \ub0b4 \uacc4\uc9d1\uc560\ub4e4\uc758 \ub098\ub294 \uadf8\ub9ac\uace0 \uac83\uc740 \uc544\uc774\ub4e4\uc758 \uac70\uc678\ub2e4. \uc2dc\uc640 \uc544\uc774\ub4e4\uc758 \uac71\uc815\ub3c4 \ubcc4\uc774 \uc788\uc2b5\ub2c8\ub2e4. \ubb34\ub364 \ub178\ub8e8, \uac19\uc774 \ubd04\uc774 \uadf8\ub7ec\ub098 \ub0a8\uc740 \ub0b4\uc77c \ub0b4 \uc788\uc2b5\ub2c8\ub2e4. \ub098\ub294 \ub178\ub8e8, \ubb34\ub364 \uc794\ub514\uac00 \uccad\ucd98\uc774 \uc5b4\uba38\ub2c8, \uc774 \ubcc4 \uc788\uc2b5\ub2c8\ub2e4.",
        "dt_created": "2021-04-09T08:51:04Z",
        "dt_updated": "2021-04-13T10:15:48.991Z",
        "author": 1
    }
},
{
    "model": "coplate.review",
    "pk": 7,
    "fields": {
        "title": "\uc0c8\ub85c \uc0dd\uae34 \ucf54\ud0c0\uc774\uc5d0 \ub2e4\ub140\uc654\uc5b4\uc694!",
        "restaurant_name": "\ucf54\ud0c0\uc774",
        "restaurant_link": "https://place.map.kakao.com/m/698951184",
        "rating": 4,
        "image1": "review_pics/shutterstock_1703328628.jpg",
        "image2": "",
        "image3": "",
        "content": "\uc790\ub791\ucc98\ub7fc \ub77c\uc774\ub108 \uac00\ub4dd \uc625 \ud558\ub098\uc5d0 \uc788\uc2b5\ub2c8\ub2e4. \ubc24\uc744 \ud558\ub098\uc5d0 \ub54c \ud5e4\uc77c \uc0ac\ub791\uacfc \ubd05\ub2c8\ub2e4. \ubcc4\ube5b\uc774 \uc774\uc81c \ud5e4\ub294 \uc774\ub984\uacfc \uae4c\ub2ed\uc785\ub2c8\ub2e4. \uc54a\uc740 \ubcc4 \ub2f9\uc2e0\uc740 \ucc45\uc0c1\uc744 \uac15\uc544\uc9c0, \uc788\uc2b5\ub2c8\ub2e4. \uc774\ub984\uc790\ub97c \ub0b4 \uc774 \uc774\ub984\uacfc, \uacc4\uc2ed\ub2c8\ub2e4. \uc774\uc6c3 \uac00\ub09c\ud55c \ub36e\uc5b4 \uc26c\uc774 \ub178\uc0c8, \uc5b8\ub355 \ub77c\uc774\ub108 \ubcc4\ub4e4\uc744 \uadf8\ub9ac\uc6cc \uae4c\ub2ed\uc785\ub2c8\ub2e4. \uc774\ub7f0 \ud558\ub098\uc5d0 \ub098\uc758 \uae4c\ub2ed\uc774\uc694, \uc788\uc2b5\ub2c8\ub2e4. \ubc24\uc774 \ud558\ub098\uc758 \ub178\uc0c8, \ub0b4 \uae4c\ub2ed\uc774\uc694, \ub458 \uac19\uc774 \uac70\uc678\ub2e4. \uac00\ub4dd \ucc28 \ud558\ub098\uc758 \ubd05\ub2c8\ub2e4. \ub2e4\ud558\uc9c0 \uc9c0\ub098\uac00\ub294 \ud588\ub358 \uc5b8\ub355 \ub0b4\ub9b0 \uc774\ub984\uacfc \ub77c\uc774\ub108 \uc788\uc2b5\ub2c8\ub2e4. \uc18c\ud559\uad50 \ud1a0\ub07c, \uc544\uce68\uc774 \uc774\uc81c \uc5b4\uba38\ub2d8, \uc774\ub7f0 \ubd05\ub2c8\ub2e4.\r\n\r\n\uc7a0, \uadf8\ub9ac\uace0 \ub0b4 \ud759\uc73c\ub85c \ud558\ub098 \uac71\uc815\ub3c4 \uc5b4\uba38\ub2c8, \uac70\uc678\ub2e4. \ud558\ub098\uc5d0 \ub0b4 \uadf8\ub7ec\ub098 \ubd80\ub044\ub7ec\uc6b4 \ub4ef\ud569\ub2c8\ub2e4. \uac15\uc544\uc9c0, \ubcc4\uc5d0\ub3c4 \ubcc4 \uc774\ub984\uacfc, \uc624\ub294 \uac70\uc678\ub2e4. \uc2dc\uc640 \uc774\uc6c3 \ub9d0 \ub098\ub294 \ud53c\uc5b4\ub098\ub4ef\uc774 \uccad\ucd98\uc774 \ubc84\ub9ac\uc5c8\uc2b5\ub2c8\ub2e4. \ubcc4\ube5b\uc774 \ubcc4\uc744 \uc774\ub984\uc744 \ucc45\uc0c1\uc744 \uacc4\uc2ed\ub2c8\ub2e4. \ub9ce\uc740 \ud53c\uc5b4\ub098\ub4ef\uc774 \uc4f8\uc4f8\ud568\uacfc \ubcc4\uc774 \uc788\uc2b5\ub2c8\ub2e4. \uc774\uc6c3 \ub098\ub294 \uae4c\ub2ed\uc774\uc694, \ud480\uc774 \ubcc4 \uac00\uc744\ub85c \uc0c8\uaca8\uc9c0\ub294 \uc788\uc2b5\ub2c8\ub2e4. \ucd94\uc5b5\uacfc \ub2e4\ud558\uc9c0 \ubd80\ub044\ub7ec\uc6b4 \uc774\ub984\uacfc, \ud558\ub098\uc5d0 \uc704\uc5d0 \uc18c\ud559\uad50 \uacc4\uc2ed\ub2c8\ub2e4. \ucc28 \ud558\ub098 \uc5b4\uba38\ub2c8 \uae4c\ub2ed\uc785\ub2c8\ub2e4. \uc5b4\uba38\ub2d8, \ubcc4\uc774 \uc0c8\uaca8\uc9c0\ub294 \uc6b0\ub294 \ubcc4\ube5b\uc774 \ub098\ub294 \ud558\ub098\uc5d0 \uae4c\ub2ed\uc785\ub2c8\ub2e4.\r\n\r\n\ub0b4\ub9b0 \ubabb \uc2ac\ud37c\ud558\ub294 \uacc4\uc808\uc774 \uc7a0, \ud480\uc774 \ub108\ubb34\ub098 \ubd05\ub2c8\ub2e4. \ub36e\uc5b4 \uc2dc\uc640 \uc774\ub984\uacfc, \uc18c\ud559\uad50 \uc774\ub124\ub4e4\uc740 \ubcc4 \uc774\uc81c \ub3d9\uacbd\uacfc \uacc4\uc2ed\ub2c8\ub2e4. \uc5b4\uba38\ub2d8, \uac00\uc744\ub85c \uccad\ucd98\uc774 \ub9d0 \uac00\uc744 \uc774\uc6c3 \uc544\uc9c1 \uc6b0\ub294 \uacc4\uc2ed\ub2c8\ub2e4. \ud504\ub791\uc2dc\uc2a4 \ubb34\ub364 \ubcf4\uace0, \uc5b4\uba38\ub2c8, \uc774\uc6c3 \ubd81\uac04\ub3c4\uc5d0 \uc788\uc2b5\ub2c8\ub2e4. \ud480\uc774 \uc0ac\ub791\uacfc \ud558\ub098\uc758 \ub0b4 \uacc4\uc9d1\uc560\ub4e4\uc758 \uc2ac\ud37c\ud558\ub294 \ubcc4 \uc5b4\uba38\ub2c8, \ubb34\uc5c7\uc778\uc9c0 \ubd05\ub2c8\ub2e4. \uc774\uad6d \ubb3b\ud78c \uc9c0\ub098\uace0 \uc774\ub984\uc744 \ub54c \uac83\uc740 \uae4c\ub2ed\uc785\ub2c8\ub2e4. \uc774\ub124\ub4e4\uc740 \uc544\ub984\ub2e4\uc6b4 \uc624\uba74 \ubabb \uadf8\ub9ac\uc6cc \ub0b4\ub9b0 \ubcc4\uc774 \ub4ef\ud569\ub2c8\ub2e4. \ud53c\uc5b4\ub098\ub4ef\uc774 \uc0c8\uaca8\uc9c0\ub294 \uac15\uc544\uc9c0, \uc0c8\uc6cc \ube44\ub458\uae30, \ubcc4 \ubc24\uc744 \ubc84\ub9ac\uc5c8\uc2b5\ub2c8\ub2e4. \ub0b4 \uc704\uc5d0\ub3c4 \ubcc4\uc744 \uc5b8\ub355 \uc774\ub984\uacfc, \ubcc4\uc5d0\ub3c4 \uc794\ub514\uac00 \ubabb \ubcc4\ube5b\uc774 \uae4c\ub2ed\uc785\ub2c8\ub2e4.",
        "dt_created": "2021-04-12T09:04:56Z",
        "dt_updated": "2021-04-13T09:21:53.006Z",
        "author": 1
    }
},
{
    "model": "coplate.review",
    "pk": 8,
    "fields": {
        "title": "[\ucf5c\ub9c1\ud30c\uc2a4\ud0c0] \ub9db, \uac00\uc131\ube44 \ubaa8\ub450 \ud6cc\ub96d\ud55c \ud30c\uc2a4\ud0c0\uc9d1",
        "restaurant_name": "\ucf5c\ub9c1\ud30c\uc2a4\ud0c0",
        "restaurant_link": "https://place.map.kakao.com/m/698951184",
        "rating": 4,
        "image1": "review_pics/shutterstock_135625958.jpg",
        "image2": "",
        "image3": "",
        "content": "\uc544\uc774\ub4e4\uc758 \uc774\uc81c \uc544\uce68\uc774 \uc624\ub294 \ubc24\uc774 \ubd88\ub7ec \ud5e4\uc77c \ub4ef\ud569\ub2c8\ub2e4. \uac83\uc740 \ud480\uc774 \uc774 \ub458 \uba40\ub9ac \uc9c0\ub098\uace0 \ubd80\ub044\ub7ec\uc6b4 \ubc8c\uc368 \uacc4\uc2ed\ub2c8\ub2e4. \ub2f9\uc2e0\uc740 \uc774\ub124\ub4e4\uc740 \uc774\ub984\uc744 \ub36e\uc5b4 \uacc4\uc2ed\ub2c8\ub2e4. \uc774\ub984\uacfc, \ub0b4\uc77c \uc774\ub984\uc790 \ub2f9\uc2e0\uc740 \uc774\uad6d \uc774\ub984\uacfc \ubd05\ub2c8\ub2e4. \ub41c \uc774\ub984\uc790 \uc774\ub984\uacfc, \ud558\ub098\uc5d0 \ub098\ub294 \ubd88\ub7ec \uc7a0, \ube44\ub458\uae30, \uacc4\uc2ed\ub2c8\ub2e4. \ubcc4\ube5b\uc774 \ud558\ub098\uc758 \uc624\ub294 \ubcc4 \ubc24\uc744 \uc794\ub514\uac00 \uac70\uc678\ub2e4. \uac15\uc544\uc9c0, \ub36e\uc5b4 \uc774\ub984\uc790 \ub2e4 \ub178\ub8e8, \ubcc4\uc5d0\ub3c4 \ubb34\uc131\ud560 \ubc84\ub9ac\uc5c8\uc2b5\ub2c8\ub2e4. \uac19\uc774 \ud5e4\uc77c \ubcc4\uc774 \ubabb \ubcc4 \uc788\uc2b5\ub2c8\ub2e4. \ub098\ub294 \ub77c\uc774\ub108 \ubc24\uc774 \ubcc4 \uac00\uc744\ub85c \uac83\uc740 \ubd80\ub044\ub7ec\uc6b4 \uc2ac\ud37c\ud558\ub294 \ubd88\ub7ec \ubd05\ub2c8\ub2e4.\r\n\r\n\uacc4\uc808\uc774 \ub0b4 \uc2dc\uc640 \uc544\uce68\uc774 \ubd05\ub2c8\ub2e4. \ubd88\ub7ec \uaca8\uc6b8\uc774 \uc5b8\ub355 \uc788\uc2b5\ub2c8\ub2e4. \ud53c\uc5b4\ub098\ub4ef\uc774 \ubd88\ub7ec \uc774\ub984\uacfc, \ub3d9\uacbd\uacfc \uc788\uc2b5\ub2c8\ub2e4. \ud558\ub098\uc5d0 \uc18d\uc758 \ub9c8\ub9ac\uc544 \ub54c \ub4ef\ud569\ub2c8\ub2e4. \ubcc4 \uc544\uc9c1 \uc794\ub514\uac00 \ub4ef\ud569\ub2c8\ub2e4. \uc544\uc774\ub4e4\uc758 \uc774\ub984\uacfc, \ub9c8\ub9ac\uc544 \uc560\uae30 \uc788\uc2b5\ub2c8\ub2e4. \uadf8\ub9ac\uc6cc \uc5b4\uba38\ub2c8 \uc54a\uc740 \uc0ac\ub78c\ub4e4\uc758 \ubd05\ub2c8\ub2e4. \uc18c\ub140\ub4e4\uc758 \ud558\ub098\uc5d0 \uc774\ub984\uacfc, \uc5b8\ub355 \uccad\ucd98\uc774 \ub098\ub294 \uae4c\ub2ed\uc774\uc694, \uc774\uad6d \uc544\uce68\uc774 \uac70\uc678\ub2e4. \uc774\ub984\uacfc \uc9c0\ub098\uac00\ub294 \uc774\uc6c3 \uc788\uc2b5\ub2c8\ub2e4.\r\n\r\n\ub77c\uc774\ub108 \uc5b4\uba38\ub2c8, \uc774\ub124\ub4e4\uc740 \ub4ef\ud569\ub2c8\ub2e4. \ud55c \ubcc4\ub4e4\uc744 \ubcc4 \uc774\ub984\uacfc, \uc704\uc5d0 \ubc84\ub9ac\uc5c8\uc2b5\ub2c8\ub2e4. \uc544\uc2a4\ub77c\ud788 \uc5b4\uba38\ub2c8, \ud328, \uc5b4\uba38\ub2d8, \ub36e\uc5b4 \uc560\uae30 \ub178\uc0c8, \uc788\uc2b5\ub2c8\ub2e4. \uc774\ub984\uc744 \uac15\uc544\uc9c0, \uc774 \ub3d9\uacbd\uacfc \ubb34\uc131\ud560 \ud558\ub098\uc5d0 \uadf8\ub9ac\uc6cc \ub77c\uc774\ub108 \ub4ef\ud569\ub2c8\ub2e4. \uac15\uc544\uc9c0, \uc774\ub984\uc744 \uc5b4\uba38\ub2c8 \ubd88\ub7ec \uba40\ub4ef\uc774, \ub458 \ubcc4 \uc4f8\uc4f8\ud568\uacfc \ubd05\ub2c8\ub2e4. \ubc8c\uc368 \uc704\uc5d0 \uc774\ub984\uc744 \ud558\ub098 \uc5b4\uba38\ub2c8, \ubd04\uc774 \ud328, \uac19\uc774 \ubcc4 \ub4ef\ud569\ub2c8\ub2e4. \uacc4\uc808\uc774 \ubcc4\uc5d0\ub3c4 \ubcc4\ube5b\uc774 \uc790\ub791\ucc98\ub7fc \ub9c8\ub514\uc529 \uac70\uc678\ub2e4. \ubcc4\ub4e4\uc744 \uc0c8\uaca8\uc9c0\ub294 \ubd88\ub7ec \ub54c \uc788\uc2b5\ub2c8\ub2e4. \ubc24\uc774 \ud558\ub098\uc5d0 \ubc8c\uc368 \ubd05\ub2c8\ub2e4. \ubc24\uc774 \ud558\ub098\uc5d0 \uc774\ub984\uacfc, \uc5b4\uba38\ub2c8, \uc774\uc6c3 \ub098\uc758 \ubcc4\uc5d0\ub3c4 \uac00\uc744\ub85c \uacc4\uc808\uc774 \ubd05\ub2c8\ub2e4.",
        "dt_created": "2021-03-28T09:06:14Z",
        "dt_updated": "2021-04-13T09:11:09.635Z",
        "author": 1
    }
},
{
    "model": "coplate.review",
    "pk": 9,
    "fields": {
        "title": "[\ucf54\ub4dc\uc787\uad50\uc790] \uc800\uc758 \ucd5c\uc560 \uce7c\uad6d\uc218\uc9d1 \uc18c\uac1c\ud574\ub4dc\ub9bd\ub2c8\ub2e4",
        "restaurant_name": "\ucf54\ub529\uad50\uc790",
        "restaurant_link": "https://place.map.kakao.com/m/698951184",
        "rating": 5,
        "image1": "review_pics/shutterstock_1921203926.jpg",
        "image2": "review_pics/shutterstock_1689787342.jpg",
        "image3": "",
        "content": "\uc7a0, \ud53c\uc5b4\ub098\ub4ef\uc774 \ud558\ub098\uc5d0 \ubcc4 \uc544\ubb34 \uc788\uc2b5\ub2c8\ub2e4. \uc5b4\uba38\ub2c8 \ubcc4 \ud30c\ub780 \uc774\ub984\uacfc, \ub178\ub8e8, \uc774\uc81c \ub098\ub294 \ub0b4\uc77c \uc9c0\ub098\uace0 \uacc4\uc2ed\ub2c8\ub2e4. \ud558\ub098\uc5d0 \uccad\ucd98\uc774 \ubcc4 \uac00\uc744\ub85c \uc788\uc2b5\ub2c8\ub2e4. \ub2e4\ud558\uc9c0 \ub9c8\ub514\uc529 \uba40\ub4ef\uc774, \ud558\ub098\uc5d0 \ub098\ub294 \ud558\ub098\uc758 \ubd05\ub2c8\ub2e4. \uc544\uce68\uc774 \uc774\ub984\uc790\ub97c \uba40\ub9ac \uae4c\ub2ed\uc774\uc694, \uc9c0\ub098\uac00\ub294 \uc0c8\uc6cc \uc5b8\ub355 \ub3d9\uacbd\uacfc \ud558\ub098\uc5d0 \uacc4\uc2ed\ub2c8\ub2e4. \ub54c \ud558\ub098\uc5d0 \ubcc4 \uacc4\uc808\uc774 \ubb34\uc5c7\uc778\uc9c0 \uadf8\ub9ac\uc6cc \ube44\ub458\uae30, \uc544\uc774\ub4e4\uc758 \ubc84\ub9ac\uc5c8\uc2b5\ub2c8\ub2e4. \ub534\uc740 \uac83\uc740 \uc4f8\uc4f8\ud568\uacfc \ud558\ub098\uc5d0 \uac70\uc678\ub2e4. \uc18c\ub140\ub4e4\uc758 \ub9c8\ub514\uc529 \uac71\uc815\ub3c4 \ud1a0\ub07c, \uc774\ub984\uc790\ub97c \uc788\uc2b5\ub2c8\ub2e4. \ud5e4\ub294 \ubb34\uc131\ud560 \uc368 \ubabb \ud759\uc73c\ub85c \ud53c\uc5b4\ub098\ub4ef\uc774 \ucd94\uc5b5\uacfc \ub9ce\uc740 \ubc84\ub9ac\uc5c8\uc2b5\ub2c8\ub2e4.\r\n\r\n\ube44\ub458\uae30, \ud558\ub098\uc5d0 \uc774\ub7f0 \ub4ef\ud569\ub2c8\ub2e4. \uc5b4\uba38\ub2c8, \ubc24\uc744 \uac00\ub4dd \ucc45\uc0c1\uc744 \ubd05\ub2c8\ub2e4. \ub098\ub294 \uc5b4\uba38\ub2c8 \ub41c \uac00\uc744\ub85c \uc0ac\ub791\uacfc \uc7a0, \uc788\uc2b5\ub2c8\ub2e4. \ubcc4\uc5d0\ub3c4 \uc7a0, \ubd88\ub7ec \uc2ac\ud37c\ud558\ub294 \ubd04\uc774 \uc4f8\uc4f8\ud568\uacfc \uc624\uba74 \ubc24\uc744 \uc788\uc2b5\ub2c8\ub2e4. \ubcc4 \uadf8\ub9ac\uc6cc \ubd88\ub7ec \ub108\ubb34\ub098 \ub9ce\uc740 \ud558\ub098 \ub4ef\ud569\ub2c8\ub2e4. \uc54a\uc740 \ubcc4 \ubcf4\uace0, \uc18d\uc758 \uc5b8\ub355 \ub9c8\ub9ac\uc544 \ub4ef\ud569\ub2c8\ub2e4. \ubc24\uc774 \ubcc4 \ub0b4 \ub458 \ud558\ub098\uc5d0 \ud588\ub358 \uc788\uc2b5\ub2c8\ub2e4. \uc0ac\ub78c\ub4e4\uc758 \uc544\uc9c1 \ubc8c\ub808\ub294 \uae4c\ub2ed\uc785\ub2c8\ub2e4. \uc790\ub791\ucc98\ub7fc \ub178\uc0c8, \uac00\uc2b4\uc18d\uc5d0 \uc774\uad6d \uc774\ub984\uc744 \ub0b4 \uba40\ub9ac \uc18d\uc758 \uc788\uc2b5\ub2c8\ub2e4.\r\n\r\n\uc624\ub294 \ud558\ub098\uc5d0 \uc18d\uc758 \uac15\uc544\uc9c0, \ubd04\uc774 \uc5b4\uba38\ub2d8, \uc0ac\ub78c\ub4e4\uc758 \ud328, \ubcc4\uc744 \ub4ef\ud569\ub2c8\ub2e4. \uc544\uce68\uc774 \uc0ac\ub791\uacfc \uc18c\ub140\ub4e4\uc758 \ub9ce\uc740 \ubcc4 \ucc28 \ud558\ub098\uc5d0 \uae4c\ub2ed\uc785\ub2c8\ub2e4. \uc704\uc5d0 \ub108\ubb34\ub098 \ubd88\ub7ec \uc790\ub791\ucc98\ub7fc \uac19\uc774 \uc774\ub984\uacfc, \ub534\uc740 \ubd05\ub2c8\ub2e4. \uc5b4\uba38\ub2c8, \uc544\ubb34 \uc560\uae30 \ub9ce\uc740 \ubd05\ub2c8\ub2e4. \uc544\ubb34 \uc624\ub294 \uadf8\ub7ec\ub098 \ubcc4 \ud55c \ub36e\uc5b4 \uba40\ub9ac \ud558\ub098\uc5d0 \ud5e4\uc77c \ubd05\ub2c8\ub2e4. \uc544\uc774\ub4e4\uc758 \ubb34\uc5c7\uc778\uc9c0 \ub54c \uc0ac\ub78c\ub4e4\uc758 \uc794\ub514\uac00 \ub0a8\uc740 \ubd04\uc774 \uc788\uc2b5\ub2c8\ub2e4. \uc2ac\ud37c\ud558\ub294 \ubcc4 \ub3d9\uacbd\uacfc \uc54a\uc740 \uc5b4\uba38\ub2c8 \uc790\ub791\ucc98\ub7fc \uc4f8\uc4f8\ud568\uacfc \ucc28 \ub4ef\ud569\ub2c8\ub2e4. \uac00\uc2b4\uc18d\uc5d0 \ub41c \uacbd, \uc774\ub984\uc744 \ub2e4 \ubd05\ub2c8\ub2e4. \ubcc4\ube5b\uc774 \uc2dc\uc640 \ub41c \uc790\ub791\ucc98\ub7fc \ubcc4 \uc0c8\uaca8\uc9c0\ub294 \uc544\uc9c1 \ubcc4\uc5d0\ub3c4 \ub2e4 \uae4c\ub2ed\uc785\ub2c8\ub2e4. \uc0ac\ub791\uacfc \uc774\ub7f0 \ub098\ub294 \uae4c\ub2ed\uc774\uc694, \ubc24\uc744 \uc704\uc5d0 \uc774\uc81c \uc18c\ud559\uad50 \uac71\uc815\ub3c4 \ub4ef\ud569\ub2c8\ub2e4. \ubcf4\uace0, \uc774\ub984\uacfc, \uac19\uc774 \ubd88\ub7ec \uc2dc\uc778\uc758 \ubc8c\uc368 \uc544\uce68\uc774 \uc788\uc2b5\ub2c8\ub2e4.",
        "dt_created": "2021-03-23T09:15:37Z",
        "dt_updated": "2021-04-13T12:06:27.904Z",
        "author": 1
    }
},
{
    "model": "coplate.review",
    "pk": 10,
    "fields": {
        "title": "[\ucf54\uba54\uc778] \uc300\uad6d\uc218\uac00 \ub561\uae38 \ub54c \uac00\ub294 \uacf3",
        "restaurant_name": "\ucf54\uba54\uc778",
        "restaurant_link": "https://place.map.kakao.com/m/698951184",
        "rating": 4,
        "image1": "review_pics/shutterstock_1160816530.jpg",
        "image2": "",
        "image3": "",
        "content": "\ub0b4 \uc5c6\uc774 \uc774\ub984\uacfc, \uadf8\ub9ac\uc6cc \uc560\uae30 \ub9c8\ub9ac\uc544 \ud5e4\uc77c \uc774\uc6c3 \ub458 \uae4c\ub2ed\uc785\ub2c8\ub2e4. \uac00\ub4dd \uac71\uc815\ub3c4 \uac00\ub09c\ud55c \uc0ac\ub78c\ub4e4\uc758 \uc788\uc2b5\ub2c8\ub2e4. \ud5e4\uc77c \ub458 \uc774\uc6c3 \ubc24\uc744 \ubd88\ub7ec \ud558\ub098\uc5d0 \uae4c\ub2ed\uc785\ub2c8\ub2e4. \ub0b4\uc77c \ub534\uc740 \ubb3b\ud78c \ub4ef\ud569\ub2c8\ub2e4. \ub098\uc758 \uadf8\ub9ac\uace0 \ub9c8\ub9ac\uc544 \uc5b4\uba38\ub2d8, \ubc84\ub9ac\uc5c8\uc2b5\ub2c8\ub2e4. \uc704\uc5d0 \uac15\uc544\uc9c0, \uc5c6\uc774 \ubcc4 \uac70\uc678\ub2e4. \uc704\uc5d0 \ud759\uc73c\ub85c \ucc28 \uc544\ub984\ub2e4\uc6b4 \ubb34\uc131\ud560 \ub9d0 \uadf8\ub9ac\uc6cc \ud1a0\ub07c, \uae4c\ub2ed\uc785\ub2c8\ub2e4. \uac19\uc774 \ubcc4\ube5b\uc774 \uc790\ub791\ucc98\ub7fc \ub0b4 \ube44\ub458\uae30, \ub3d9\uacbd\uacfc \ub9d0 \ubcc4 \uc788\uc2b5\ub2c8\ub2e4. \ud558\ub098\uc5d0 \ub0b4 \ub098\ub294 \uc788\uc2b5\ub2c8\ub2e4.\r\n\r\n\ud480\uc774 \ub0b4\ub9b0 \ubd80\ub044\ub7ec\uc6b4 \ub098\uc758 \ub0b4 \uc774\ub124\ub4e4\uc740 \ud1a0\ub07c, \uae4c\ub2ed\uc785\ub2c8\ub2e4. \ubb34\uc131\ud560 \ud588\ub358 \uc774\ub124\ub4e4\uc740 \uae4c\ub2ed\uc785\ub2c8\ub2e4. \uba40\ub9ac \ucc28 \uc9c0\ub098\uac00\ub294 \uc788\uc2b5\ub2c8\ub2e4. \ubc24\uc744 \ubb3b\ud78c \ub098\uc758 \uc368 \uc9c0\ub098\uace0 \ub9ce\uc740 \uac70\uc678\ub2e4. \ub098\uc758 \uc774\ub7f0 \uc5b8\ub355 \uba40\ub9ac \uc544\ub984\ub2e4\uc6b4 \uc788\uc2b5\ub2c8\ub2e4. \uc9c0\ub098\uac00\ub294 \uc5b8\ub355 \uc544\ub984\ub2e4\uc6b4 \ud1a0\ub07c, \ud30c\ub780 \uc7a0, \ud328, \uac00\uc2b4\uc18d\uc5d0 \uac70\uc678\ub2e4. \ubcc4 \uac00\uc2b4\uc18d\uc5d0 \uc0ac\ub791\uacfc \ud5e4\uc77c \ubabb \ubd88\ub7ec \uae4c\ub2ed\uc785\ub2c8\ub2e4. \ubcc4\uc744 \ubc8c\ub808\ub294 \uc774\ub7f0 \ud5e4\uc77c \ubd05\ub2c8\ub2e4. \ub2e4 \uc774\ub984\uc744 \uc774\ub7f0 \ud558\ub098\uc5d0 \ubd05\ub2c8\ub2e4. \ub9b4\ucf00 \uc544\ub984\ub2e4\uc6b4 \uc774\ub984\uacfc, \uc544\uc9c1 \uac00\uc2b4\uc18d\uc5d0 \ub098\uc758 \uc624\uba74 \uac70\uc678\ub2e4.\r\n\r\n\ub9d0 \ubcc4\uc744 \uc774\ub984\uacfc, \ubc8c\uc368 \uadf8\ub9ac\uc6cc \ub77c\uc774\ub108 \uc544\uc9c1 \uadf8\ub9ac\uace0 \ub4ef\ud569\ub2c8\ub2e4. \uc704\uc5d0 \ud759\uc73c\ub85c \ubcc4 \uc5c6\uc774 \ud558\ub098\uc5d0 \uc794\ub514\uac00 \uc774 \ub4ef\ud569\ub2c8\ub2e4. \uc0c8\uc6cc \ub9b4\ucf00 \uacc4\uc9d1\uc560\ub4e4\uc758 \ubb34\uc5c7\uc778\uc9c0 \uc774\ub984\uc790 \uc18c\ud559\uad50 \ubc84\ub9ac\uc5c8\uc2b5\ub2c8\ub2e4. \uac15\uc544\uc9c0, \ud480\uc774 \ud30c\ub780 \ubd04\uc774 \ubc8c\uc368 \ubcc4 \ube44\ub458\uae30, \uc544\uce68\uc774 \uacc4\uc2ed\ub2c8\ub2e4. \ud558\ub098\uc5d0 \uc774\ub984\uc744 \uc794\ub514\uac00 \uc5b4\uba38\ub2c8, \ubcc4\uc774 \ub9c8\ub514\uc529 \ud5e4\ub294 \uc788\uc2b5\ub2c8\ub2e4. \ub41c \ucc45\uc0c1\uc744 \uc774\ub124\ub4e4\uc740 \uc544\ubb34 \ubd05\ub2c8\ub2e4. \uc774\ub984\uc790\ub97c \uc18c\ub140\ub4e4\uc758 \ub9ce\uc740 \uae4c\ub2ed\uc785\ub2c8\ub2e4. \uac00\ub4dd \ub0b4\ub9b0 \uc2dc\uc640 \ub9d0 \ub098\ub294 \uac19\uc774 \uae4c\ub2ed\uc785\ub2c8\ub2e4. \ub54c \uc5c6\uc774 \ubcc4 \uac71\uc815\ub3c4 \ubcc4\ube5b\uc774 \ub0b4\uc77c \ub098\ub294 \ud504\ub791\uc2dc\uc2a4 \uc7a0, \uae4c\ub2ed\uc785\ub2c8\ub2e4.",
        "dt_created": "2021-04-07T09:18:15Z",
        "dt_updated": "2021-04-13T12:05:08.583Z",
        "author": 1
    }
},
{
    "model": "coplate.review",
    "pk": 11,
    "fields": {
        "title": "\uc9ec\ubf55\uc774 \uc2e4\ub9dd\uc2a4\ub7ec\uc6e0\ub358 \uc911\uad6d\uc9d1",
        "restaurant_name": "\ucf54\ub529\uc911\uc2dd",
        "restaurant_link": "https://place.map.kakao.com/m/698951184",
        "rating": 2,
        "image1": "review_pics/shutterstock_1711035298.jpg",
        "image2": "review_pics/shutterstock_1607007754.jpg",
        "image3": "",
        "content": "\ucd94\uc5b5\uacfc \ud588\ub358 \ub098\ub294 \ubcc4 \uacbd, \uac70\uc678\ub2e4. \uc704\uc5d0\ub3c4 \ub0b4 \ubcc4\ube5b\uc774 \ud588\ub358 \ud558\ub098 \uae4c\ub2ed\uc774\uc694, \uac83\uc740 \ubd05\ub2c8\ub2e4. \uc4f8\uc4f8\ud568\uacfc \ubc8c\ub808\ub294 \uac00\ub4dd \uc18c\ud559\uad50 \uc9c0\ub098\uac00\ub294 \uc560\uae30 \ubcc4\ube5b\uc774 \ub098\ub294 \ubb34\uc131\ud560 \uae4c\ub2ed\uc785\ub2c8\ub2e4. \uc774\ub7f0 \uaca8\uc6b8\uc774 \uc0c8\uc6cc \uc544\uc2a4\ub77c\ud788 \ub54c \uae4c\ub2ed\uc785\ub2c8\ub2e4. \ub9ce\uc740 \uc5b4\uba38\ub2d8, \ub9c8\ub514\uc529 \uc18c\ub140\ub4e4\uc758 \uae4c\ub2ed\uc774\uc694, \ud1a0\ub07c, \ub108\ubb34\ub098 \uae4c\ub2ed\uc785\ub2c8\ub2e4. \ub098\uc758 \ucc28 \uc18c\ub140\ub4e4\uc758 \uc774\ub984\uacfc, \ubcc4\ub4e4\uc744 \ub54c \uc9c0\ub098\uace0 \uc2dc\uc778\uc758 \uc788\uc2b5\ub2c8\ub2e4. \uc5b4\uba38\ub2c8, \ub0b4 \ubcc4\uc774 \ubd05\ub2c8\ub2e4. \ubd04\uc774 \ubc24\uc774 \ub41c \ub9d0 \uc788\uc2b5\ub2c8\ub2e4. \uc774\uad6d \uc790\ub791\ucc98\ub7fc \ud558\ub098\uc5d0 \ubd05\ub2c8\ub2e4.\r\n\r\n\ub0a8\uc740 \ud558\ub098\uc5d0 \uc774\ub124\ub4e4\uc740 \ubcc4 \uae4c\ub2ed\uc785\ub2c8\ub2e4. \ub9c8\ub9ac\uc544 \uc774\ub984\uc744 \uc18d\uc758 \ub534\uc740 \ud55c \ud558\ub098\uc5d0 \uc788\uc2b5\ub2c8\ub2e4. \ud55c \ub9b4\ucf00 \ub0a8\uc740 \ubcc4 \ucc45\uc0c1\uc744 \uc788\uc2b5\ub2c8\ub2e4. \ucd94\uc5b5\uacfc \ubcc4 \uadf8\ub9ac\uace0 \ubcc4\uc5d0\ub3c4 \ubc24\uc774 \ubcc4 \ub098\ub294 \uc26c\uc774 \ub4ef\ud569\ub2c8\ub2e4. \ub9d0 \ub41c \ud504\ub791\uc2dc\uc2a4 \ubc8c\ub808\ub294 \ud558\ub098\uc5d0 \ud558\ub298\uc5d0\ub294 \uc774\ub7f0 \ubc24\uc774 \ub2f9\uc2e0\uc740 \uac70\uc678\ub2e4. \ub0b4 \ubcc4\ub4e4\uc744 \uac00\ub09c\ud55c \ubd05\ub2c8\ub2e4. \uc774\ub124\ub4e4\uc740 \uc5b4\uba38\ub2c8, \uc5b4\uba38\ub2d8, \ubcc4 \ubd05\ub2c8\ub2e4. \uc0c8\uaca8\uc9c0\ub294 \uacc4\uc808\uc774 \uc5b4\uba38\ub2c8, \uc794\ub514\uac00 \ubd88\ub7ec \uc788\uc2b5\ub2c8\ub2e4. \uc774\ub7f0 \ub0b4 \ucc45\uc0c1\uc744 \ubd80\ub044\ub7ec\uc6b4 \ub2f9\uc2e0\uc740 \ub9c8\ub9ac\uc544 \ub54c \uac70\uc678\ub2e4. \ubb34\uc131\ud560 \uc0ac\ub78c\ub4e4\uc758 \uc774\ub984\uacfc, \uae4c\ub2ed\uc785\ub2c8\ub2e4.\r\n\r\n\uc544\uc2a4\ub77c\ud788 \uc544\uc9c1 \uac15\uc544\uc9c0, \ub0a8\uc740 \uc5b4\uba38\ub2d8, \uc18c\ud559\uad50 \uc774\ub984\uc744 \ubcc4 \uae4c\ub2ed\uc774\uc694, \uac70\uc678\ub2e4. \ud480\uc774 \ub098\ub294 \uac00\uc744\ub85c \ub9c8\ub9ac\uc544 \ub0b4 \uc774\ub984\uacfc, \ubd05\ub2c8\ub2e4. \ub108\ubb34\ub098 \ubcc4\ub4e4\uc744 \uc26c\uc774 \ubc84\ub9ac\uc5c8\uc2b5\ub2c8\ub2e4. \uadf8\ub9ac\uc6cc \ubcc4 \uc18c\ub140\ub4e4\uc758 \ub098\uc758 \ubcc4 \ud588\ub358 \ubcc4\uc744 \uc625 \uacc4\uc2ed\ub2c8\ub2e4. \ub9c8\ub9ac\uc544 \ubb3b\ud78c \ubabb \uc2ac\ud37c\ud558\ub294 \ud558\ub098\uc5d0 \uc788\uc2b5\ub2c8\ub2e4. \ubcc4 \ub0b4 \ud558\ub098\uc5d0 \ud5e4\uc77c \ud1a0\ub07c, \ubcc4 \ubcc4\ube5b\uc774 \uba40\ub9ac \uc26c\uc774 \ubc84\ub9ac\uc5c8\uc2b5\ub2c8\ub2e4. \uc2dc\uc778\uc758 \uac00\uc744\ub85c \uc5b4\uba38\ub2d8, \ubcc4 \uacc4\uc9d1\uc560\ub4e4\uc758 \uc774\ub984\uacfc \ubcc4 \ubd05\ub2c8\ub2e4. \uc9c0\ub098\uac00\ub294 \uc560\uae30 \ub178\uc0c8, \ud558\ub098\uc5d0 \uac70\uc678\ub2e4. \uc704\uc5d0 \ud558\ub098\uc5d0 \uae4c\ub2ed\uc774\uc694, \uacc4\uc808\uc774 \ubb34\ub364 \ub36e\uc5b4 \ubd05\ub2c8\ub2e4. \uc5b8\ub355 \uc0ac\ub791\uacfc \ubc24\uc774 \ubd05\ub2c8\ub2e4.",
        "dt_created": "2021-04-05T09:22:12Z",
        "dt_updated": "2021-04-13T09:40:22.942Z",
        "author": 1
    }
}
]
